ID,FirstName,LastName,Password
E1DBB9F6-4143-45AC-D6D4-32C87560A038,Shad,Hardy,}cbSZU5)
CF164C85-3C5A-E7DE-93E6-1BD89E580148,Chester,Reyes,?v^3@bUg
9554D626-456E-3B8C-3219-01363733D4E7,Simon,Bryant,5$TzVuJE
AD657EBE-D184-9509-C032-81F66F8E7318,Sonia,Morales,E8Pz+QjY
3AAF82E2-7933-8242-8A0E-C9CC253123BB,Jena,Orr,^yT_L9!2
123C309A-432B-9BC1-3519-B50C8B961DBC,Thane,Kaufman,Svn[7_2/
74BAC017-C96F-32DC-4096-CB41C33DB6CC,Barry,Ross,&*Vkm]f8
B3651804-5E42-61E5-C273-8AF7C73F78B5,Rylee,Le,)afcP8Y7
9AFFB783-3C3E-35A4-322E-03D11430A052,Cullen,Cantrell,6u-K_+xU
5AD6E619-3369-D4CD-FFDB-55331F553A7F,Ria,Cook,g5XK{q!x
1FB5A3C1-3EFC-0DE7-A821-4842DDA15CB3,Jordan,Branch,fNu3^E9b
19577515-8C82-3CB4-89F3-6A1B38617333,Pamela,Forbes,n9@(R=dP
F766E721-FA36-8DB4-1BCC-1F878A7C7736,Lyle,Bush,2[^Usg7c
0C19A411-CB6B-1232-8FC6-345674FE22FA,Finn,Johnson,5PnWd%Ke
C88534AD-BAE7-BEEE-7C5E-1ED59B4A92AE,Hamish,Mays,_fu{gU7c
20C2BCCE-806B-B108-311A-3348D730B522,Kenyon,Caldwell,{BH@4Zj7
6D847CA9-2968-AB92-7FC1-871DE1DDE88E,Jasmine,Everett,mSrB6*ns
9029CC3B-1971-BE0B-855F-335EB650971B,Sophia,Drake,_xyR9Lct
0239BD6C-9AD0-EC85-F69D-4204644D9247,Conan,Olson,?v^3@bUg
BEC33DAD-1A4F-2966-DD4B-FAAE9A4CAAB3,Ava,Mason,f+Yg5Ux(
0245EFC1-E08F-5074-55D2-45442D63D1C3,Elijah,Kennedy,f6r}eF7W
B12BE41A-91EB-0D40-DB64-E172D8243F03,Colorado,Walters,Hu(4BXh>
2475B95C-6F67-A34A-D334-5F22992395D1,Maggie,Griffith,!+rQy8@?
B98EAFBA-EE9B-7599-8C16-95575CDE5E51,April,Head,u&PCj3g{
219B28DA-ED00-24D1-85FD-9BCCB2F7F8AF,Lewis,Hughes,f-CF/W8w
9BA212C2-CD95-77ED-B3B3-3D66FEB8C7DE,Gannon,Bird,6u-K_+xU
ECA83314-28A6-52C8-2527-768BD141F86B,Thaddeus,Hardin,3k-B*9)C
040C86EC-2DE2-737B-ECF1-085CEF2F76F4,Dolan,Keller,4csPkyS@
2D811AC6-2A40-FDE3-4528-87989B04A6DB,Guinevere,Mckay,Uk4g(3yA
C1AE9B72-7C64-E633-4E69-4FAE20B6517D,Brandon,Patterson,f*h({Pu2
7C30E904-3498-1A20-6E99-3AE14A8D25C0,Ivor,Farrell,2[^Usg7c
D96AECCE-37B7-CBC7-02F4-EC4394E73A1D,Hedda,Hahn,)afcP8Y7
97A15644-122D-D261-D559-898CD9F773BC,Whoopi,Young,n+NhFG4a
B5A44783-A190-6181-7176-9C419BCCB716,Abel,Gutierrez,=*8gCXry
63A86411-5636-8466-00BA-2B61A95A429C,Garrison,Petty,Daw(8Aj&
31CB78AB-28DE-7367-3291-8C35BBD9D42A,Kenyon,Hamilton,[A*2mh^?
B9E089B4-DC57-CEA6-D7E6-054E55266E5C,Laith,Abbott,7?DzA@.u
28B6C6D8-534B-7D12-9849-CE4301BC42C7,Roth,Hill,-%Zr6EC/
5DCAA44C-48EA-0813-7C9E-A4655FFB4E47,Lareina,Waller,*2_JckhW
3615F62D-FD9B-BE1A-60D8-49B47E29EE4B,Paul,Bridges,Yp$_WS2e
28693396-46A3-ECC4-3697-E1EE49A41064,Sylvester,Finley,7nF_2[S!
B4AD6198-5BB5-7BCF-7D14-372A435BA31E,Alan,Coleman,jnKZ8=fN
6DEDB33E-B0CB-3660-35D6-888DCAF2DA21,Quamar,Riddle,4K.a&kN}
CD5D2D1A-3CEA-8D8B-59CD-8623A1A33DA2,Lunea,Fields,8{VMGb-S
53299CDE-73B6-D267-D3D8-66B3B5F68B38,Joy,Ward,R+WV/@z6
6AA3A9D5-F9CF-85DE-453A-3EF5D2461A8E,Ebony,Stafford,A=Y4jnX.
319C8D43-BA59-A7F7-8413-A277E5B9B79C,Melvin,Peterson,nqv(z85P
79701185-E3A7-01B1-74DC-D32AB992C717,Abel,Davidson,TAsgd)2&
3BCE5D79-DEE4-BC8C-76FE-F84948AD814A,Ainsley,Ochoa,]2zXAS=$
AB29765B-771A-8429-ADCE-498B21AD6CF1,Barclay,Burton,u_^A>nQ3
E88D8577-7DD4-13EC-5454-27D2E44EAB0E,Randall,Mcclain,3!rb&U4w
49BD6C03-92B5-715D-1D39-49A74144C45A,Lysandra,Francis,9G$R>@Ae
186D7D4A-B8F4-AAD1-C198-D853FE3B0B14,Jolie,Dillard,_+Q9)^My
D54E866E-7EC7-3C22-3F7E-348A94DA7453,Dai,Frost,D>?p94zM
F4A76CA8-D35D-8E91-C4B9-2333788BCA97,Larissa,Gould,x-=56D{g
421B3CE5-F213-BC6E-BE4A-C5D7E374509A,Charissa,Eaton,^YvuT_5!
2EEAA825-B4A3-738B-72A3-CB4BAD5C6888,Lamar,Buck,u{>W5w7-
B79B92A1-EAF5-B03B-889B-DF58BB585B77,Reed,Lowe,@mYdbD6W
D9ECE817-540C-3E8D-D851-45881D70396D,Armando,Lindsey,)Zyr_7Fh
A616EC92-E6B5-DD0C-3D4A-5D4A9D893B76,Sebastian,Snider,m>qc=5rD
BEFE2BAB-454B-889E-912E-0D1CBEAB180B,Lyle,Martin,5>Du+yP}
0E6DEE16-A426-7BAC-29AF-03E8AE99A4A6,Byron,Becker,qz%YyK7N
8667639A-5F08-5473-B845-BB5ED73486B6,Zelenia,Cox,&Yfb[E9a
C9830694-BD19-46D1-1369-C261557AB112,Molly,Sparks,9]Nz$DLA
4AAEA60D-0385-94AA-3465-6BE65810BB81,Xenos,Gallagher,jqk25c^T
C506BD5C-7459-E7D2-6C78-FFA1128B6C89,Tanner,Delaney,9$gzt)Cj
AD68BA48-6972-4C2A-8189-D2ECA4CB5316,Armando,Kline,]n5x/=pE
63C9C462-1C8C-5FC3-9197-D393C89B58C5,Thane,Hammond,@y6s3W(/
79B5F3E1-6DE8-B165-3058-809B5FBABAC3,Venus,Bird,@%yC^*7s
7DB37D86-6ABA-2BD0-6C47-1F165B6D7659,Dorian,Mcknight,f6r}eF7W
352E6E21-E1B2-C672-8C4B-F5818B247178,Wing,Erickson,{Xn=Ge8z
EC663DF8-6A61-0C8A-20D7-C5E21DEBE452,Russell,Beach,snHv^wb4
864DEB9E-82D1-2819-1A63-744125D2C65F,Courtney,Brady,&*Vkm]f8
12743B9D-1337-733B-A5DA-7AE9FEBD183C,Tate,Benton,yVnrbj3_
2B63ED7B-CA0E-EE66-8554-B7D6A053D6D7,Mara,Dunlap,5w8J+(&B
3E1A2F6E-B6C9-01E6-2274-48A52A3A19DB,Russell,Holman,Kv>E4W-)
5F70D9EE-25EC-30F1-BE80-5B3B7DE9D2A2,Zelenia,Kane,QS4Fng&B
6172CD3C-B646-626C-4AA5-5481E321A68E,Fay,Marsh,2.mByq{M
168B0575-6496-2376-0550-211F4B15D1E3,Nevada,Henry,)5abX*$9
694226DE-03B7-1C4C-9543-ABD79A348C5D,Cadman,Pena,cBw?=z3g
8E901231-159B-4F65-AB37-B1B236FD514A,Kimberly,Weeks,dtm&aV9M
52E3C3AE-6E8C-2385-6381-3B1ECA6D76CC,Vera,Flowers,)4Tf8MxF
E5EFD432-AD42-19DF-FA2E-E3B9BA656B87,Adena,Daniels,$z5uDfw(
44A7BACF-A787-4238-2D42-9FB286E6AB57,Blaze,Huffman,)Xs%y2AC
407B3549-B50F-1D8C-DF1A-6E45F0D313A1,Chancellor,Boyer,pYS43zA@
8A177261-4F54-7835-D281-FA4188FCAB84,Larissa,Goff,T^u/z{y7
58B621BE-B30C-BC61-08DE-0CE69E581A8E,Lysandra,Joyce,nqv(z85P
52405D4D-DE17-4864-99C3-46CD903897AD,Perry,Tate,[zb6R)Wc
56E4E54E-35B6-28CA-B3C4-C49C026161A5,Zenaida,Stevenson,B@6$DVMb
68194463-C659-282A-FDE2-A3F3C11D8B86,Adam,Keith,$z5uDfw(
59D55C82-9DA9-6B33-2769-2DB58DD0C765,Jane,Donovan,)zr.C6P^
36C0DDD7-F58C-E5B7-F2D7-873B89A0F788,Beverly,Wall,39D(>2^j
C2123A47-59D5-667C-C9C9-C8689AC5A61A,Patrick,Hardin,QS4Fng&B
CC6D563C-ED28-92A2-D45F-79CFA1EE55D2,Kameko,Rodgers,RPAS5}wN
3E61C01D-71E2-E2B5-A060-593222747F81,Galena,Ruiz,9Mnd*yPN
5381FB56-A5AA-54EA-3F59-12C251896EAA,Joelle,Alvarez,mgpqQ75}
258F2295-95DC-1128-6B3F-B8EE68BD0BCC,Ori,Kent,6sAEQC7?
6B195C44-B325-91F1-7029-5D02AC39D56B,Laith,Larsen,mDFxE9>h
0AE1D8E5-2C84-1847-D2AE-CBDB8B710924,Phelan,Medina,2e)+GmUb
13273D01-54BC-A88B-C86B-8FCF8FF14D4D,Boris,Rodriguez,4Qb}r$(-
3DAA2D65-605C-AAE3-85D9-7C0D78337B19,John,Fitzgerald,%!v[QW_6
DFC2B38F-9DA8-67C4-AB5B-671288E27B97,Jasper,Good,PUc2+?38
DE83CE84-5525-4D96-88CF-D626D7A5FC17,Nissim,Cook,g5XK{q!x
78F42334-7676-CB37-6A8B-5C450A14CAE0,Beau,Lara,vw8aAbW(
5EBC7A8C-59B2-E4BB-3129-AD2384A9CD57,Kelsie,Mooney,Y7!f43E+
4038D73C-71D2-82B7-65EB-D3B291AB493E,Ingrid,Craig,>w7LXP3u
6E7CC34C-D65A-3373-2C37-43C3479CFB87,Venus,Wiggins,24@L(RQy
815479C5-6AB2-2EB2-DC76-265D59435ECC,Bruce,Lynn,wH54z_7D
D6F0AB56-64EF-6492-0E38-ADC89DC6301A,Macy,Ramirez,8qaj[9DC
9BF5C147-95D8-D8BC-E0BD-363B4ED01939,TaShya,Dejesus,*BMT[8rz
A0BE824A-1329-C627-4188-28F6B66BDD12,Knox,Santos,$6t.?/pL
5D55B698-EEE4-A8D4-BB1C-4B9AFDEB637A,Vaughan,Barr,&8^L_=r]
6DC27DB9-7D57-5EBF-2EC3-DB3CA4816D6D,Candice,Thomas,&Q4BzW6y
4BD2B93C-A041-423C-4213-649CCC3EB27A,Lester,Vaughan,&-bNG(26
789C5D44-F765-0817-F936-137E7B28397C,Keiko,Hooper,>w7LXP3u
D2AD7399-85F1-34B6-2EDC-24A5B42FD646,Clayton,Tyler,CWzrm9.x
9C3B5609-3796-E7A6-72C2-EB919E675A4E,Kuame,Barnes,24@L(RQy
58B59EA7-E75C-61BB-1441-AB429E3CDD91,August,Santana,ea956L@3
AE82D129-85E3-5F7E-3EFD-C81B19BDB8EA,Silas,Barlow,J8ZAn*ug
5C7E227E-84CE-FA1C-61D5-722CCD6B7B97,Judah,Mitchell,3k-B*9)C
5C7F9138-3744-0776-608A-1DA62B492F09,Harper,Myers,4ESkCq^v
898C917C-D1A7-31B6-7BAB-F770EF21DAF7,Hunter,Fowler,JpFqB4Q+
356A16B3-2384-A2A9-8712-D2D557B61B4A,Kylie,Cobb,vw8aAbW(
D42FD396-8488-B4D6-5E1A-26114E76A8A5,Wallace,Cotton,(X/C5Tn)
9806988B-4CAD-B134-A21D-A27FC3199FC3,Lysandra,Glenn,m>qc=5rD
3E544A7C-8C73-AD89-15A9-23AFD66C1C61,Sybill,Buchanan,pYS43zA@
367198E8-3D33-5D22-DD9B-2A91BE5C5EA9,Yasir,Mosley,M6daZY+v
77CDE93C-31D5-1AD1-66C2-A115F56438FA,Jolene,Cervantes,hen7$E^W
1AB6727E-7C70-131A-27D7-97EC3D1A31AE,Lacy,Coffey,*Bb}vX4R
CA798CC5-D8EC-E5A5-7803-8365B7241F1E,Iona,Avila,sNzF6_tc
BD3AA323-B807-5B29-4F65-9BD6E25C15FB,Jana,Swanson,4Knjw_m(
7691CBBB-337F-9BB3-89D2-B8CA08971924,Jenette,Benjamin,(^)Kpe4j
938E0E82-8A32-66FC-8E0C-360C76C7A69E,Sopoline,Hodge,7GeCc-=W
0535DE1D-9B28-5926-27ED-AEB837CADE57,Merrill,Perkins,{4mXDe.c
B9C56592-88D2-6E50-77A9-68617E22588A,Fletcher,Park,@y6s3W(/
D5401D3E-E879-F603-F6E8-0EB856BD06E3,Suki,Mckee,@y6s3W(/
89B95284-32FE-B3E5-90A5-43CABD4B9645,Francesca,Molina,-vXDQ)W4
664C611D-B72C-38DC-4E19-BB251263CBF4,Charles,Stewart,Y7(XmMBL
BF8258C6-4E39-3853-3FCC-F9DF0F7131B6,Florence,Stone,Y4c3(JaP
B48B7BA4-6BB6-6C1C-CF65-6B9BB17DA372,Cameran,Torres,9Ay8>qh]
69E71551-D6AA-8B59-C89B-6C8A897A2CB9,Inez,Gregory,E-Q[%5h$
61658D3B-6A60-1A53-5CEB-3B5E48501232,Adrian,Ellis,u{>W5w7-
E6C87B22-297A-E4DC-147A-41EEC8B323B1,Caleb,Ashley,ka2Q6{Wx
35BAE649-257F-48EF-36C5-97F12D13C4D5,Dahlia,Rosa,FVvj.U}3
38FB8BB2-0080-FDD9-E457-313EF157B895,Cally,Shaw,X+YGy2Ah
4DE5B5D9-E364-CB13-9F22-DE83C77884F6,Shad,Hays,mDFxE9>h
9DF22B1B-B215-33BC-BB35-243260F137BD,TaShya,Zimmerman,BEuWX=4R
458CA64A-82AC-ACD3-F668-9C2A2D99DB7A,Graham,Sosa,XFV%s6v}
317558BB-4CE2-779D-84BB-39E27C2A2D45,Bethany,Erickson,!+rQy8@?
46CA7A3C-B92F-50EB-A57B-5C4282284E04,Dominic,Petersen,7wNq[u+e
D4F7965E-E6D2-999E-5A1E-CE5CD21C5581,Jonah,Haney,4&c8=gmJ
B409BDCB-D6C2-791B-4408-E41772C75972,Rigel,Mcgowan,V=7M>CLk
D7BE9C53-3620-4B5D-A077-7C6E038F5D42,Yael,Bass,CYhXP$/2
1F448532-BFE4-30F9-9E45-1AD0A15256CE,Oren,Good,m>qc=5rD
816D44F3-EB58-DE49-8C14-18C67259A4A4,Keefe,Brady,m>qc=5rD
FEF18D81-EB89-FB53-1282-AE35A1E42242,Bertha,Mcguire,!EqSJB%7
447C457B-EE47-A047-C459-4E36630E2591,Rinah,Hurley,k]9-wY)R
ECB17AC6-44A6-6146-929D-EB2A2012DBC5,Charity,Noel,Yp$_WS2e
1A07DBEF-FADC-6DAB-F4C8-431905C95A44,Hop,Hughes,{4mXDe.c
D57421E4-6CAB-4133-4242-19838E4BA09D,Germaine,Soto,dDyJC/f2
800DF8B2-DAAF-5269-AAB5-E6A8E55E2816,Gary,Flynn,[A*2mh^?
57361006-2C77-9B27-7A3F-5FE16B7900A8,Desirae,Alston,H^5LGuzS
AFF1DD29-8AF3-1D56-A9A9-15AC78621C49,Garrett,Snyder,zS4%Arj{
26EDEBAF-F581-3591-9E67-E646141AA649,Justina,Chang,fS!EY]9@
F3E3641E-F251-9E73-A85B-6DCB0C626C28,Georgia,Glass,Hu(4BXh>
EC4817E9-42BD-EEDB-86DA-EE936DFB8641,Alika,Gonzalez,GgN{rmj3
B96B482C-5185-876E-8EE9-C7DE6A775709,Cathleen,Wheeler,8uJ{GDb.
22913187-58A5-655E-7C24-8635264E107A,Mariam,Hill,)zr.C6P^
01CB9752-EE8C-F2A1-EC75-157A24AB786D,Jamal,Clarke,FK%63Vjv
C5723624-E64C-E2BC-547B-0C39C3BBD5F4,Angelica,Francis,8-*bT?(M
B1189CD7-AC68-4087-4A62-9409D2128AD9,Drew,Golden,b3F*UxBr
B5B9557E-A7EC-EA5B-5255-8B3ED9E77C2B,Charles,Keith,6sAEQC7?
AC6AE56D-69A9-2243-8286-039F96C96BB4,Odessa,Cherry,7nXy[Q=q
9B88A6B1-DA16-212D-6416-32316A11C548,Allistair,Barton,f*{^?k8H
55389C9D-67B4-FDC6-E656-95549C924837,Patience,Pate,KXZB6}mW
D787F6B4-A6A3-9DFB-A55A-A90C7CA6CDBC,Vernon,Dunn,5L2_$+nv
765947F8-A581-1ED5-F048-1D9564395D3D,Wayne,Ayala,Xr5R)muJ
60A4B3A4-662E-E7D0-801E-4058282A1A23,Mason,Arnold,Kv>E4W-)
D81D861B-6E33-67D8-CE55-1BA0B171C69C,Gretchen,Gaines,9Ay8>qh]
0846CA8E-F21C-1D5E-E8A5-8FE596C99D3F,Mufutau,Gilmore,}cbSZU5)
240C66BC-466C-AE44-02B3-EED70D8D6EEF,Murphy,Britt,(X/C5Tn)
2671AE25-4829-6CBD-3C80-3FD288A3F44E,Madaline,Walker,4&TefR%Y
A25E5FD9-C532-7CF2-9AB0-94A1D05B8CB9,Shaeleigh,David,9eLwhS-T
87DCCDC6-BEB5-9B11-3267-614ED552872D,Yoshi,House,FVvj.U}3
894985E5-A6A4-4E9C-D72E-CD741ED27E8B,Wade,Frederick,9eLwhS-T
53BEADB3-A8FE-C549-39FA-1F3893A51E68,Brandon,Adams,f-CF/W8w
761F56A7-EE08-C151-A669-2CD158457281,Demetrius,Dunn,3.dFX$GY
9C8229D2-06B1-1666-9B07-EF846E771687,Ryan,Pace,_8M?[j%5
3C3FAFDD-4693-5885-7C98-EC4395C07294,Quyn,Sexton,&-bNG(26
BA0724B9-5455-377B-91A6-B39062296AC7,Cassidy,Todd,4K.a&kN}
177D8791-4BCD-A1E1-F662-EA973CDB173B,Jasper,Finley,ea956L@3
CA945BE1-11AB-9EAC-D305-32C5485FAA9A,Cameron,Rodriguez,nqv(z85P
82E93E9A-121B-8637-06EC-5CAB41472E3D,Edward,Hutchinson,bBjr=AE8
29B9BB7B-B17F-E212-1894-B51A45B21A84,Price,Shaw,uvm%3Rh&
1C48C3CD-9295-EDEC-5D9F-508CFC34C919,Wendy,Mathews,-%Zr6EC/
6BC18457-845A-97B6-62BB-4E94E25B493F,Isabella,Waters,RPAS5}wN
C4EF7645-DBBA-0647-B56A-779F51BDDC5D,Amery,Patton,P&B9q>XW
73339C3B-493B-5470-9659-E37C8A48E853,Kimberley,Vance,9Ay8>qh]
CF54B8DD-3325-C7E2-426C-E09545BE97D6,Patience,Ramsey,&M(t8vk=
52EA536D-67E6-577C-24B6-FB8E73385BD0,Tiger,Gutierrez,r.>a5nS_
558B33D8-9481-8CA6-7BD7-76FEB620B956,Madeline,Pope,$6t.?/pL
37B98A1C-3DD5-EA17-D05A-63A88BC4C763,Dean,Peterson,u8?Q9Jpt
90849474-6C2C-72C1-CC16-1E9BCFF52DB8,Maisie,Wiggins,]n5x/=pE
3E808C97-22C6-B5D8-F8BC-9A2CD6F8CB16,Dillon,Kidd,GgN{rmj3
BA255EAD-521C-4DE7-E959-85467B0EBD7B,Hasad,Lowe,8G@}q9VK
E588324A-7773-CFD0-DE29-3E6E1586CB96,Tara,Tanner,$7L2GHp%
D6D89E9C-9A68-1918-C194-46CCD1134E34,Xander,Sosa,Kn>p6!5N
C5801B37-8BB2-EE4D-D177-0E324DE67E32,Angela,Chaney,eX^qk]J6
1C6C8B12-ECEF-2315-78DE-6389CCA505A3,Imani,Wilcox,n>8pTMv/
737C0A37-2965-2934-8399-451C69253682,Portia,Gardner,tKU[7r6B
71FDCA43-EB8E-1277-C2E5-CCD32BDE945C,Quentin,Mathis,]?)5Ut4M
CC2EFAA6-0B77-71CD-AD55-2102167C3A7B,Ethan,Nash,f6r}eF7W
DEE5D8F9-1E57-61B0-D7F2-975424A59AA9,Leila,Greer,F/7J)qp}
2F9EA8DD-7D2A-5ED6-77D9-28D76A13C36F,Camilla,Nicholson,-%Zr6EC/
B3E76A12-E013-409D-40C4-8D33559A44B7,Zelda,Adkins,)afcP8Y7
E2456CCE-26CA-B8ED-B6B0-92C15186813A,Samson,Strickland,pKcWyZ_2
6567E11E-FC76-76B2-AC04-30E8D55A1655,Brianna,Jimenez,5$TzVuJE
DDBC1631-818A-9C0C-F98B-23186519BC23,Lyle,Guerrero,tKU[7r6B
752B8092-7543-DECB-07C4-37E064DD56DB,Hu,Valdez,Svn[7_2/
0A24CB64-2F28-E016-BB58-94363ED28373,Emmanuel,Alston,6{eH7uwE
45DEFD6D-29D4-F014-A36F-12B76B668C9E,Thomas,Pickett,2HuB3>ZR
C4DB9ADD-6362-AB3A-C67E-A32B2FC3CA18,Brody,Owens,m!*L]R-6
EBE5014D-72A9-ED59-9E5E-C1CF12AA749C,Leslie,Burnett,Y7!f43E+
9E597357-4BB9-7B79-8179-33B5749DEE96,Ignatius,Terry,-%Zr6EC/
AD7A2859-DB2F-CB7B-B93E-136786769EC3,Isadora,Noble,Zfa47.Hn
AF1A0B43-3B17-CFCB-24B4-B87EBC388619,Kelly,Chan,qt9-a(&E
ABC92D11-C822-547B-CDE5-9B7313CDA2A4,Ivory,Neal,*BMT[8rz
C8E9667E-1449-5177-BD20-15B73651BB38,Xander,Hoover,Rz3{D!NT
1CA58CCB-C494-2155-95FC-BA72D7A0E2AD,Leo,Peterson,mDFxE9>h
0EB61114-4692-8F8A-347B-BD6429B3AC61,Yael,Prince,&k*dB5pV
E0037182-9D24-DBBA-3E45-1F5B5C2876D9,Reese,Guzman,4ESkCq^v
8A9A0848-756F-5B34-D238-4D03226ECE5E,Ella,Burke,sc>uDpB8
43B89D1E-2EC2-9B36-340B-DD69D9198937,Ishmael,Smith,>eNZXn23
A34EC628-8079-9F08-B4C7-DFC5A26AE717,Rudyard,Shepherd,WFGt!}6g
DD35D749-6ECA-3E3A-3222-F136CD9DE088,Heather,Cohen,]n5x/=pE
D8482EB5-3C19-230E-BC39-EAE346544E25,Brennan,Dunn,_)!PWv7H
33825769-83EE-FA48-ACDC-E6A99EDE6DA5,Yoshio,Franco,$[pWrB4{
5F2BB765-997B-8744-6F88-9A892076215B,Colt,Vaughn,U4P_gxJ8
62CEF52A-25C2-1A91-374D-22235392E709,Daria,Blankenship,%2sh[H65
CCF6F99C-4C24-AD16-9BFA-360E13C7E8CA,Tucker,Fowler,.pr}HcW2
06E4393C-AB0A-B26E-DD99-2D0BC45EB01C,Tiger,Wilder,cBw?=z3g
B5C59F84-027D-8333-C652-E5482D884831,Ella,Mckenzie,g^*3eMyd
4433CF77-95B5-FDAD-C631-FE53A8A3912D,Timothy,Gallagher,x8rRB]-_
2686192D-9BE4-D30D-D792-E7C3595C7EBC,Hamish,Stokes,Q7zP@wCY
DA1D2495-3633-7CEA-E181-610857DBF4D8,Zachery,Boone,BEuWX=4R
4D1E5EB3-E8D1-96EF-7B78-0EDDD5ACE758,Phyllis,Stout,Q8)tgE$Z
A8DBB33A-C63B-A6C6-394E-BEE841112373,Nigel,Raymond,78UhvZj.
B26179C2-EE8E-D51E-6A69-0DD56F7EEEA3,Hayden,Workman,y?!4Ad[9
0981C79D-9161-C69F-A5BC-EE56BDC8313E,Lois,Fernandez,Kc]E4GH{
71572C93-94C6-5410-9373-C76993736F9E,Adara,Wolf,@$f2&%R3
D658442E-DC71-DCC7-B6BC-6D8FA357EDC7,Myra,Henson,qnRC?Tx5
3537D058-C2C9-8021-29DD-2B628CA6274E,Duncan,Merrill,$4Lhm7P*
85F27353-4704-C3A1-27D8-A3955A3CCBBD,Colleen,Poole,eX^qk]J6
C4A6D72A-889A-9E89-FF87-8200CFC6581A,Vivian,Wiggins,2HuB3>ZR
BD4F8212-8222-C6C1-5AE6-9DC44C467C78,Noble,Porter,Faj-5=PC
2F5B9529-49ED-5767-A571-8628B2B61C71,Nasim,Webb,{A7Jerk)
F5D64EB4-3722-31EB-505D-6DE3B3BCB0F6,Marny,Oneal,f*E5.L9P
39870EC0-7215-582B-3DB9-788B65226CC3,Grady,Martin,$4Lhm7P*
691A7C63-B0BA-A3C7-DE65-411AA1308645,Alvin,Maddox,p(*bd=8E
4E67924E-07EC-98B5-A192-B3AEADDC4315,Rhonda,Trujillo,2.mByq{M
68E8DAFB-D9AA-1D3F-8E94-2225B8F1FDAA,Constance,Gutierrez,_8M?[j%5
1E6A7EF2-A746-76AC-8705-DEA4A742FA4E,Oprah,Heath,9d=3DuwU
A39D7D4F-7AB1-706C-E258-3A29F8DB3B97,Callum,Foreman,32{S7?Dy
6875A728-8EA5-82CD-D2A9-7A3572FC45A5,Len,Duffy,JMd4Ls+/
32E3EE58-2225-C9D1-57F6-37D603B23316,John,Foreman,}qgP8t](
D296F2A8-A6A6-ADA5-A768-CC8E6A19C9A9,Beverly,Buckner,k]9-wY)R
6D5FA23D-7238-5B8C-8792-DE9B33F6E84B,Kibo,Knight,6b(z]Fx@
328A1BF3-BC36-AB4E-19DA-972818653ABD,Nayda,Franco,pYS43zA@
269CA11E-0985-5A42-E1B6-B2B743792923,Emmanuel,Mcleod,t$-(6AjB
1D6BCEEC-13A2-2CBE-B185-A1927831F7AB,Jarrod,Knox,X+YGy2Ah
367464A9-9D42-C402-132A-78C134F2B222,Daquan,Wiley,*Bb}vX4R
6DC1BB24-9809-5AEB-C8C6-EC4CE2976D22,Hasad,Kline,6!wF9Y=7
4E056128-E917-8928-C935-577E90B17FC7,Madaline,Schroeder,$GARs5.>
AC629D31-37A1-7424-9DD5-A8433268BFBC,Vivien,Griffith,_8M?[j%5
BBDE0B22-DA25-93CC-4D95-37378E756BAD,Fiona,Rivers,YvQ6.pUq
6E158CBC-DD25-4790-CC46-43655CAD7E53,Acton,Hardin,bBjr=AE8
99E445DE-A461-7651-8488-81BCEFD757E1,Hermione,Sosa,%9_AH&jp
829E756E-3730-3963-2224-227891A54AC4,Akeem,Cook,7(Vmb$])
E37237D9-CBA0-9A1B-C8EB-CAD45BC5E54A,Martha,Cantrell,9$gzt)Cj
866A53A3-B1DB-699F-3F85-6CDB46EDD13A,Christian,Dalton,f*h({Pu2
73FB7D13-E481-FB91-1358-955578A94CC8,Leslie,Foreman,F=NxA2_t
983ED117-D31D-BBD3-14C4-E0A56CCA593A,Kiayada,Noble,_)!PWv7H
69CAA8B4-1458-497C-BE7B-225096C891E2,Hashim,Shaffer,T^u/z{y7
85FB27BA-9E98-7597-EA5E-B21F27436A47,Len,Figueroa,t/ycx.J4
6DE7F1DD-6093-AB4D-DAF4-C93A21169E6E,Alan,Sloan,r.>a5nS_
84A14F4C-8A8B-BCA3-3873-C4D40283EDAB,Len,Miller,$a@Dgj-2
2A4888D5-8784-7AF6-5FA0-17DC11137B61,Hedda,Compton,*BMT[8rz
ED05BE7B-EB85-5D64-1F76-56BE81E84E3E,Jacqueline,Sweeney,U9T!b2>y
5BB8A67B-E71F-4B1E-7038-18EB7871C853,Ruby,Bush,KaP%Hw5m
174BEC28-6705-32F8-C18C-5C7B95BD4C22,Ross,Scott,P7@]5zrH
60162D58-9C3A-00E1-3786-1D46336F5867,Yael,Hawkins,zS4%Arj{
DDE05863-7B8C-14A7-7662-2548BAB9B5ED,Renee,Humphrey,]2zXAS=$
77A6D847-85E9-4AC9-81BC-6D8F4EA71D18,Imelda,Merrill,V5TwX+bg
A3C5BD25-8B9B-618D-766F-CF66A928EEEF,Piper,Keller,f6r}eF7W
D14A8929-FD47-CBC8-A4CB-40ADA39F9554,Deirdre,Powell,Cw*^.VR3
62A2F13A-7ED2-8F74-9C95-3D7AB0BDCB54,Harlan,Hubbard,3t78>NEm
D7481605-0D6E-2589-6E8A-382E24F157DD,Walter,Mccoy,b68cP/>G
57FC11FE-14B8-3E56-BA35-C0E72C188BB0,Cally,Everett,+qD[p86g
29829E5D-CC50-8296-76A5-5A45145B329D,Yoshio,Delgado,-fB&.5FK
741E6ECE-38A7-87C4-450D-817279B4A9BE,Thaddeus,Cleveland,>ZF[m2R_
62B1C47A-5C2F-AECB-F46E-435B61C2675C,Imani,Acosta,P-65nb=S
5F3B8F27-74A4-0DD1-38D6-F609E2AF93AD,Paula,Bass,.F?r+p7$
ACE5E8AF-991D-B8E8-3B97-5A48A51215BD,Elijah,Nielsen,K6xzwq/p
1133C501-CFAA-5C18-149E-12F3B28B2794,Dora,Head,=-kg8x/C
9A88A36B-3292-3298-2B2E-97A9196A70AC,Conan,Cross,KXZB6}mW
8A171BB1-E698-203C-CD7C-EB781B5DA4CC,Armand,Lee,.F?r+p7$
989A9EC9-7544-A56C-0391-A5A288A7C473,Coby,Zamora,!nC2HL6P
9E5A3801-6191-8763-7949-8E22491B3EA1,Yvonne,Blake,C34]Auyd
8F435C84-8045-5E39-A40E-16E777BE5BDE,Malachi,Winters,&Q4BzW6y
B6CD4CAD-971D-3889-2564-3FE5E4BDE684,Emery,Neal,)Zyr_7Fh
2DF2CBBB-AECA-E5DC-CBE0-B166E4ED6180,Travis,Nichols,4&TefR%Y
7BEA7424-29BD-E771-E6A6-69442CA5AEBE,Ginger,Woodward,{x@wzmX8
834942E6-576E-A64C-81C8-E9C3B4A7CE82,Rhonda,Carter,Faj-5=PC
DCD7B727-C93B-2585-ACC0-4572884C3AC6,Jillian,Norman,bBjr=AE8
A12A941B-B1BE-8544-8049-D5E127A6B59F,Dolan,Melton,37M$LqfA
B3C92561-F2DE-5339-883A-C7E51655924B,Brittany,Owens,>h[wN^3F
9BEACD83-47F3-334A-B679-EBF53B13137A,Slade,Flynn,9$gzt)Cj
582DF99A-3C06-3C32-5DD3-BB50A098630E,Jenna,Gomez,ka2Q6{Wx
8381124D-A48E-52BC-4E38-ECC9B7DFD574,Guinevere,Romero,BEuWX=4R
4ACA6896-3B28-4649-9C3A-D91E76A6C78C,Graham,Cruz,7nF_2[S!
DF5541E1-7D0F-2D27-51C8-9AA77AE71CB5,Patrick,Rivas,FbH.2ZSt
93E88D0D-6882-BED3-315F-17134EEFBE12,Isaiah,Bartlett,m^6AGrTS
EB0122A6-80D4-0BC5-09B8-431EF6CE8397,Rudyard,Sweet,]2zXAS=$
EE922BE8-F35E-DB85-3C80-4D6F836C8A3B,Martha,Johns,fuQa7^V!
7F910B8A-2AFE-D95D-C6EE-52F3A57AD9EA,Devin,Bush,&k*dB5pV
650B7B90-1623-5575-57C6-F01F1391A9C5,Deacon,Terrell,&Yfb[E9a
34D22D4C-8E95-EBDF-4D0C-AA5127E6C6D4,Adrian,Giles,u{>W5w7-
8EE48C01-4859-6BAF-D4F3-D23092CD2AA2,Lucian,Robinson,&JPH9)c(
79B83285-23CD-D681-152B-6859DC5DC75E,Nathan,Beach,5>Du+yP}
3863703E-2CC6-DA80-634B-2F4FB9D4E2D6,Rudyard,Calhoun,cBw?=z3g
473954DC-532C-C825-3981-670A40244F7C,Hope,King,Y4c3(JaP
DE11C305-787E-5FAA-3EB8-676B73462952,Malcolm,Conley,wMr3ydH*
4E23B391-36ED-6F9F-031D-E6616E652EC4,Darius,Shaffer,4G.Ef!&z
44012DCB-FA3D-E46C-CA63-8586C426443D,Juliet,Dunn,XFV%s6v}
981D7AA5-AA07-9A84-6EC7-0B7934727EB3,Daryl,English,}6Rk]t+F
B8986230-7DFB-0AB7-9279-E1BF4C1E0D45,Piper,Savage,>eNZXn23
388A3431-72E6-D2CC-CD16-3BD92BDED853,Keefe,Herring,n?YcA9qz
F9838167-791D-FD8C-DA5B-C8252B3BA56A,Gay,Bowman,+@xMUR4J
6D58FB8E-8D24-8E45-B931-606D5BEBDD6D,Beau,Wall,g^*3eMyd
383F198B-EE63-B632-1B8A-414F2555D1EB,Lars,Mercer,nqv(z85P
5132C0FD-A88D-5DCA-983F-8568E1A8812D,Teagan,Orr,K=Ee2bMR
DC55B230-CE7A-30A1-2719-0BF8557D4E6E,Thane,Wilkerson,D!q]gfH6
88B3C894-3CE8-672D-0799-F45A33D3A725,Zorita,Pena,F/7J)qp}
896A97A2-C2E7-8E92-841B-6D54AB0F6ED8,Jenette,Wilcox,/w-%9WtK
16142BBE-FDFC-643B-4110-4228D2A929CA,Sylvester,Robles,Yp$_WS2e
98E85714-797B-892C-5FC2-C71E66FAA74C,Gavin,Schultz,)F2>rk]y
4F8C6B13-18ED-3277-E2E4-175DFE3DC392,Kelly,West,6YrPt$8[
5C6E9315-7E2C-A7D0-6A9B-210DEBB2CAE8,Amery,Ingram,$4Lhm7P*
4B963054-896F-9B76-49C8-AB5526DE487D,Rhoda,Benton,8X(=)Wzj
BE2A0C9C-6585-633C-1C1C-D30DD044B69E,Karina,Daugherty,8X(=)Wzj
C374203B-E207-3CE2-BB93-DEDCCEBBAD7E,Tyler,Mckee,asbqN8A@
81B18979-0989-E3BC-7462-175ABC92394D,Barclay,Ferrell,S{D}Qw9$
B78A87DE-9B73-9656-DBE8-AB2E47EDB4F9,Declan,Rivera,4Qb}r$(-
B5D1BA38-B7FA-258C-5749-5722389A1CB4,Simon,Campbell,Q-5t8kcj
5A77AC9E-7586-AE53-E275-DE8DAC6B7A3C,Juliet,Shaffer,3S64_yr+
AF6CC4AE-EC57-1A54-BBBE-38EC26125831,Aladdin,Perry,u_^A>nQ3
DCA29CDD-802C-DB98-C239-EBC9CBB81758,Blythe,Hamilton,mSrB6*ns
52024BB9-D55E-6E38-0890-FCE9839C967B,Jared,Hewitt,&*Vkm]f8
1B7A9B85-2D65-B8A4-63EF-6965EE658A02,Hammett,Mathis,2g]sELd*
A761A27D-2CAA-0187-A0E9-43A44E1225FD,Nell,Combs,Svn[7_2/
0807EBFB-58EC-59C3-E454-6C81C3332951,Celeste,Gilmore,fS!EY]9@
5D76F74C-9199-AAC2-7922-2B02CB9171E3,Courtney,Butler,uvm%3Rh&
E5DAE640-D2AD-8D44-1985-983ED4C8BD23,Christen,Koch,fuQa7^V!
488961D9-9430-BCD6-1654-CD13C876357A,Cain,Jacobs,6{+>5qUJ
E77DC242-5CE8-2CEC-B927-233A9FC654E0,Eagan,Delaney,{x@wzmX8
31E4B1A2-67EC-3EC6-C8E0-9313F7EDD354,Nell,Parsons,wgVh5Tk/
658869D6-60B9-77CF-0DE4-3C98C25C3422,Cain,Graves,U5w>m8jK
8A2321B2-1CAC-D61D-A73D-645C973512AD,Arthur,Humphrey,*@C5W[cA
D784294A-5B21-E3E8-4100-9C178B5AD352,Indigo,Perkins,Kn>p6!5N
5ED9736C-BA25-DCC8-CC66-DB0A3EAF7628,Susan,Ramirez,Cd7Xu(r5
417AEB15-28DA-3AA9-5E4B-C11BD7951CC7,Bruce,Jones,!EqSJB%7
5497B7D7-259C-7863-46AD-51A33B89914E,Lynn,Wynn,f*{^?k8H
18438205-436E-479B-F210-9CAB54175BFF,Jack,Cortez,wH54z_7D
EA935BBA-C53C-E316-9144-1D33B6D9D6CB,Thane,Huffman,+Vd5qv(M
74932946-45D4-B7D9-9688-7BA7132809FD,Glenna,Dale,$4Lhm7P*
B5C23B2F-9CAB-DB2A-C726-1167ADAA2FA1,Justine,Parrish,@mYdbD6W
E452BDED-6E26-5B19-52F1-4D744FE18BC7,Jessamine,Velasquez,$7L2GHp%
B1B772C6-7CD8-5BF4-72CE-89D5CE80DDF1,Gabriel,Sparks,7GBx!Q6z
318DE164-3887-C5BB-2BAA-6323329D75A6,Nicholas,Haynes,EBk7qj(w
5D4B1BE8-B760-4858-3C71-AD5B257FD7DA,Amela,Conley,bSx!*-u7
EC77F590-49B5-213B-CE86-8FB9D33A86B4,Madison,Contreras,qVuhUr6-
C0184B6D-7222-2C45-DBB2-1AD02B8DB355,Leigh,Oneal,u_^A>nQ3
3C440A62-A7CD-7826-53A1-74BD6B583580,Alexandra,Sloan,.F?r+p7$
E360236B-A23A-7E82-E19A-9A038DE87F60,Mohammad,Pennington,n5BK9tw{
F614EB75-A64A-2154-8AA4-B96A80454288,Winifred,Perry,@Ejde9*t
25C88A9D-ABB4-AD90-4D38-8DFD602D33CC,Ryder,Rivas,zS4%Arj{
D9968672-A14B-C58C-6321-46164E45DDE9,Herman,Heath,_5$gzPEZ
A1E2A855-C99E-D7D2-B435-16882B7AD7F6,Hedwig,Atkins,cBw?=z3g
990CED22-5EF5-93A9-A4B8-4518B176F978,Dale,Carroll,*@C5W[cA
0406CC5C-443D-6E85-39E0-7E720D378698,Gray,Francis,Q8)tgE$Z
1FA04A3F-35D4-2821-177E-74ABAC9A0A26,Rogan,Daugherty,ZP+rW92{
99DA83A0-7A59-9BBF-AAB2-B52A2B6B0EDD,Ryan,Wallace,>ZF[m2R_
184A67D5-10BC-C9F1-DA69-42C8A5EB0247,Kirestin,Blake,L)C[%9Ja
24A6776A-B5ED-3C49-67E9-3A184689F8E4,Jesse,Morris,5L2_$+nv
C0EB63E9-F9C9-B349-BB6D-042FD7D86BA2,Jamalia,Campbell,Xr5R)muJ
4F67512C-17E1-7EC4-76AB-835078DD65DC,Lee,Mays,T&3V!Kne
EEB92953-7879-2E29-2665-9854D674285A,Francis,Pruitt,(XQfcrF7
7D35F2E2-2500-874E-6EEB-EB585B842C78,Timon,Finch,n+NhFG4a
12596954-FAC5-1143-A1DC-8E84C6A9BC9C,Vivien,Rollins,Tv@673P$
3D5DE843-D554-A9E1-4685-8465D422780B,Walter,Ruiz,@QW_bH2w
47363292-EC2C-6B22-BB17-911BDF2B9DC2,Colorado,Rodgers,8-*bT?(M
057A8333-D975-94E7-631B-89ABC52C1173,Jarrod,Talley,&-bNG(26
D53497B6-2B87-F2A9-2008-D670C69BB58F,Quentin,Tate,[P7^@3s.
B071957A-CFD3-A445-6445-EAD5CB537E27,Diana,Dean,mSrB6*ns
66B974F8-E38E-FD69-CA10-66ADAF0A6E93,Leroy,Britt,Kv>E4W-)
FAD9299F-E761-3318-3387-F89631893B3B,Jonah,Hudson,L9rba-xv
3B4AEA1E-6643-4691-6B63-845F49E92458,Wylie,Glass,J2t$D>u.
4932D9DA-F5A9-CFAC-57FD-AD16C3A06F5F,Akeem,Rivera,{)dxhgT7
319370B2-D079-AB68-6411-26C47E16DD99,Chadwick,Crane,9eLwhS-T
7F56D4C3-2CF7-59E9-289A-C7261133BA27,Chancellor,Mayo,}cbSZU5)
4BD18332-1788-634A-CA8D-52264CFDC1F2,Reagan,Heath,J8ZAn*ug
3E89DE45-DD86-F98E-4BA3-68ECAA2A932C,Virginia,Kaufman,kQ.t]b9V
22E0F725-8163-855E-909E-DA73C581837C,Elvis,Kelly,8?=jPrVQ
2A7D6CE1-67B5-5BCD-9E53-357CE8B23E46,Garth,Sutton,P4F*tDVX
AB828026-AEE3-8C9A-AE47-4A65B1845F9D,Vaughan,Glover,bSx!*-u7
79C8C991-15C8-251A-26EE-8AA94152F7B7,Leo,Heath,mgpqQ75}
F07B5547-72A2-777B-41E8-193278275762,Jescie,Winters,xHj/aq[7
27679935-707E-0612-0880-79B75F968C73,Miriam,Levine,4ESkCq^v
876D125B-ACD9-CCCC-CD1B-21938371B935,Clare,Thornton,LKH{hz=9
00AAD94A-3477-8756-454E-7E86B9F75271,Declan,Prince,mS{$]F8Z
C74A9649-6F4E-B453-8C36-49D94AA30F81,Jason,Cain,-%Zr6EC/
EC44A4D1-16B1-E4B9-A1B2-9657BCDDF424,Beverly,Pace,b68cP/>G
5AC4A847-B44B-7195-100A-772C1B4F123A,Declan,Todd,3k-B*9)C
77DE0AA9-2110-6D8A-31BF-87AAC9C756C2,Jaime,Townsend,KXZB6}mW
452368A9-5592-4EDE-A2D5-EF5EEDF5CFC4,Jasper,Nieves,fWX7n{4/
4B73CEB2-C33D-9147-4F45-3CC02345E1E2,Fleur,Ayers,+Vd5qv(M
6ECC6539-27F7-56EB-44ED-5B3A6FD5649F,Perry,Rowe,z9/@AUeS
FB2858EE-8725-DE69-B76D-F7696B0AA9E3,Donna,Berger,u5L*AM%j
DD14D295-5C77-9D1E-BC38-AE7428049C1C,Alfonso,Lawrence,}dQDR_@6
284AF0DC-452B-AD67-0E4E-3364397CAB28,Audra,Beard,tKU[7r6B
57B995A5-C786-3BA3-7E6E-96C924951359,Reuben,Santiago,39D(>2^j
9B221DFB-D27A-1DEF-61DC-EB4BA7D8254C,Neil,Carson,RPAS5}wN
721C155D-5F20-6E2B-CCE1-954218BBBB7D,Brandon,Schneider,8(pbjSZ%
05C07F85-D5CD-C2EA-6908-49EACC529E60,Deanna,Mcguire,Q-5t8kcj
D644B444-4639-57EA-2DCE-CAD136DD7861,Wyatt,Barnes,5>Du+yP}
327B19A6-6448-A9DE-4962-32B7245CA92D,Alan,Pruitt,_eLDZ^4C
F0D2ED78-25CE-363B-D59B-0A87F14783C8,Violet,Sanford,8qaj[9DC
0779567B-4468-13CE-EEEF-6C8C67375333,Bertha,Fuller,bSx!*-u7
0E8987B8-C70D-31B8-4F5F-8C6E55F1E97D,Lois,Coffey,pKcWyZ_2
F94C0618-70DD-F4AF-7398-8A25EB3B2CB2,Clayton,Mercado,Y4c3(JaP
DE6B85B7-A145-21CF-567F-ECB3FAB278CD,Elizabeth,Lee,/w-%9WtK
C60ADB31-22AE-D878-4B51-81A8CA297AD8,Isadora,Guthrie,mgpqQ75}
BE9D9E55-6D25-08B6-389C-698A5DD96CE7,Jesse,Gamble,me7xG4-Y
847CA473-897A-3BB6-65C7-2C3576426C91,Maia,Hampton,y?!4Ad[9
996E160A-96BE-C0A1-C193-CF1BC63D56AA,Farrah,Gonzales,%VpaL2AS
2E58F851-FD3D-EFA6-033E-8B5D94AB710E,Jared,Kelly,{Xn=Ge8z
DC658B68-DDF5-2201-9111-E13749AE8165,Raja,Dudley,Qz.6kwt^
F2879505-C327-716E-7BE9-B1EEF1A86A81,Madison,Gillespie,[P7^@3s.
B9D4C7D4-B01B-E6F7-C44C-D1DB37C82172,Giacomo,Reese,Kc]E4GH{
643C2D48-5F28-CAD9-5538-4AE4B64AB32C,Kenneth,Huber,zS4%Arj{
2748D1EA-2485-A965-8314-69FD9AC6A2E5,Xandra,Stuart,zk437S+V
36F7FCA4-8DC2-C219-B9A8-C40B16BEDFD2,Savannah,Mcgee,93dmqD$E
A6654D38-03DF-B5C7-E261-C7BA32B35716,Samuel,Cohen,PVtq%c7}
EFDF5C07-9BBB-9978-AF2A-413D91491245,Gloria,Hyde,7hNgJHY^
69C811B8-A15A-6E78-DCAE-EA8C91378725,Grace,Holcomb,FWEJ2P.d
13B76C48-41C8-91EB-8C96-DA854ADA1E53,Murphy,Glover,Ujnq5Z*}
D74BB336-552E-2BFD-5571-1D2A57242AE6,Ali,Bates,9%f}WE^p
B3D50DA2-AA10-CB53-D4BE-584C40758B92,Hollee,Fox,P).Ev9as
1D97A5F2-303B-BFB4-86F5-BB4E7245C67A,Barclay,Solis,M6daZY+v
C85FA2C7-EAD8-DE1D-C64E-095DE99382C2,Samson,Cruz,N/^xrm{9
414DD72A-CBD9-A2A3-0B36-AD3193B13502,Rhonda,Manning,J>g[Y6G]
38D5273A-E2E6-D6F5-2F21-CC53DB7E7B7E,Bernard,Dale,KaP%Hw5m
A4988ED4-C968-89E7-3B56-5A90C2D1A934,Brendan,Merritt,9%f}WE^p
357EC013-7C36-FBEE-C3AF-23A58B8A7A8D,Lysandra,Rios,37M$LqfA
65EBCB84-8022-B613-A295-3A464FB06332,Dennis,Tran,f+Yg5Ux(
C689E0E1-AC73-9AF4-B0A3-90ADD8B483F8,Byron,Cook,6sCq&FGn
1B20A822-C64B-707C-A7DB-37ACBB10396F,Adena,Drake,24@L(RQy
736BDBB7-CB71-15C0-36E9-9937E213358B,Asher,Gentry,]?)5Ut4M
5B326B5C-C12A-8CE7-AA5B-76ACA1C735DD,Valentine,Macdonald,8{VMGb-S
D3526B84-3F8D-1BE2-4D1A-95C307D429C0,Upton,Brock,(XQfcrF7
DEC400DF-5911-1A8A-A819-FF63E2831CC5,Whoopi,Glass,ea956L@3
2E75A385-7D37-37CE-869A-7916871BA2A7,Christian,Gill,ka2Q6{Wx
8BD62A2C-BCD8-E745-CE1B-44F6D7C14604,Preston,Carlson,{4mXDe.c
287DA1B5-CBEA-B995-582A-8B3516E8BB22,Shafira,Thomas,/w-%9WtK
6117EDA5-8CA3-F69A-F660-22AFA79716D5,Christopher,Martinez,yVnrbj3_
7586B062-3530-8F92-4CFD-3188606DEC8B,Felicia,Lara,(g%{dB2Q
857F53DE-A9B3-98FA-5B8A-9053BFB33F71,Fritz,Vasquez,D!q]gfH6
324CED0B-37AB-795D-85C1-D74B21C922DD,Wyoming,Neal,HG8p7)(}
1EE0CED6-D068-2ABB-162A-6D36D7EFF7FD,Scott,Finley,^?8g[pBW
49ED6334-A1A4-5D64-D157-81A9C99439BB,Kiona,Whitaker,9hD)XazZ
BCCE59BA-EB56-6AFC-54BA-BEA2BE6C9487,Hermione,Stanton,DFHg5Ba$
4FB23B29-1E41-8A51-6EFD-5441595D8C0D,Cally,Sears,ypGh*72?
944979C9-9DEE-8E95-F5F8-6A528A742D5C,Mona,Christensen,_8M?[j%5
042D6BDC-6216-7B7B-A129-172E3A548F0B,Dominic,Mccarthy,zV/Sx8sk
8DD86811-B4E1-B0F9-8978-1D1905089D45,Autumn,Camacho,jZ7wqK^V
ABA6E133-08B5-2A5C-DA86-B52E5318283C,Phelan,Simon,8X(=)Wzj
B1BF9888-E1DF-2DEA-1C68-2DDF0E86BD9B,September,Luna,{bS6VD[3
B6F1E623-9EBA-18A2-56C9-B912BB77A171,Christen,Mccall,Gg6^@xS4
0789E54E-5B4B-B199-4471-59719EEB53A4,Athena,Patrick,!A=N6%bs
A1DE2493-30A9-C651-ED81-AFE372AE5560,Jena,Rodriquez,$@X]4?Qa
9BB982CA-DDBB-9EA8-837A-CBADE2C4333B,Robert,Thompson,7nXy[Q=q
58B8ABCE-B3B4-7385-7EF5-8266190C5DB3,Adena,Hicks,7?DzA@.u
66F5C9DD-6711-339C-E936-967C286C0C62,Grace,Patrick,Daw(8Aj&
2924801B-B22C-E741-31AD-0CA453E47F84,Marshall,Gregory,RPAS5}wN
D97C1984-0705-5DE4-0D69-E677ED7C67A8,Quinn,Faulkner,K=Ee2bMR
092B615C-54BB-1631-2CE1-EECBECB5A0DE,Linda,Keith,8?XTvd5H
EFBAD11B-A831-22A2-C1E2-1C480971767A,Inga,Berg,&*Vkm]f8
C88225C1-81E5-8DD9-92D0-A1D3E3FD092B,Rose,Dickson,G>bt7S%4
3EBA2BAE-B4C7-465E-15D9-E60DE1D42786,Jared,Kirk,4@pd/QuY
0C9B340B-A443-7A2A-CCCB-74FA905097AA,Anne,Hill,FbH.2ZSt
